statement ok
CREATE TABLE t1(a INTEGER, b INTEGER, c INTEGER, d INTEGER, e INTEGER)

statement ok
INSERT INTO t1(e,c,b,d,a) VALUES(103,102,100,101,104)

statement ok
INSERT INTO t1(a,c,d,e,b) VALUES(107,106,108,109,105)

statement ok
INSERT INTO t1(e,d,b,a,c) VALUES(110,114,112,111,113)

statement ok
INSERT INTO t1(d,c,e,a,b) VALUES(116,119,117,115,118)

statement ok
INSERT INTO t1(c,d,b,e,a) VALUES(123,122,124,120,121)

statement ok
INSERT INTO t1(a,d,b,e,c) VALUES(127,128,129,126,125)

statement ok
INSERT INTO t1(e,c,a,d,b) VALUES(132,134,131,133,130)

statement ok
INSERT INTO t1(a,d,b,e,c) VALUES(138,136,139,135,137)

statement ok
INSERT INTO t1(e,c,d,a,b) VALUES(144,141,140,142,143)

statement ok
INSERT INTO t1(b,a,e,d,c) VALUES(145,149,146,148,147)

statement ok
INSERT INTO t1(b,c,a,d,e) VALUES(151,150,153,154,152)

statement ok
INSERT INTO t1(c,e,a,d,b) VALUES(155,157,159,156,158)

statement ok
INSERT INTO t1(c,b,a,d,e) VALUES(161,160,163,164,162)

statement ok
INSERT INTO t1(b,d,a,e,c) VALUES(167,169,168,165,166)

statement ok
INSERT INTO t1(d,b,c,e,a) VALUES(171,170,172,173,174)

statement ok
INSERT INTO t1(e,c,a,d,b) VALUES(177,176,179,178,175)

statement ok
INSERT INTO t1(b,e,a,d,c) VALUES(181,180,182,183,184)

statement ok
INSERT INTO t1(c,a,b,e,d) VALUES(187,188,186,189,185)

statement ok
INSERT INTO t1(d,b,c,e,a) VALUES(190,194,193,192,191)

statement ok
INSERT INTO t1(a,e,b,d,c) VALUES(199,197,198,196,195)

statement ok
INSERT INTO t1(b,c,d,a,e) VALUES(200,202,203,201,204)

statement ok
INSERT INTO t1(c,e,a,b,d) VALUES(208,209,205,206,207)

statement ok
INSERT INTO t1(c,e,a,d,b) VALUES(214,210,213,212,211)

statement ok
INSERT INTO t1(b,c,a,d,e) VALUES(218,215,216,217,219)

statement ok
INSERT INTO t1(b,e,d,a,c) VALUES(223,221,222,220,224)

statement ok
INSERT INTO t1(d,e,b,a,c) VALUES(226,227,228,229,225)

statement ok
INSERT INTO t1(a,c,b,e,d) VALUES(234,231,232,230,233)

statement ok
INSERT INTO t1(e,b,a,c,d) VALUES(237,236,239,235,238)

statement ok
INSERT INTO t1(e,c,b,a,d) VALUES(242,244,240,243,241)

statement ok
INSERT INTO t1(e,d,c,b,a) VALUES(246,248,247,249,245)

query I nosort
SELECT CASE WHEN c>(SELECT avg(c) FROM t1) THEN a*2 ELSE b*10 END
  FROM t1
 ORDER BY 1
----
30 values hashing to 3c13dee48d9356ae19af2515e05e6b54

query II nosort
SELECT a+b*2+c*3+d*4+e*5,
       (a+b+c+d+e)/5
  FROM t1
 ORDER BY 1,2
----
60 values hashing to 808146289313018fce25f1a280bd8c30

query IIIII nosort
SELECT a+b*2+c*3+d*4+e*5,
       CASE WHEN a<b-3 THEN 111 WHEN a<=b THEN 222
        WHEN a<b+3 THEN 333 ELSE 444 END,
       abs(b-c),
       (a+b+c+d+e)/5,
       a+b*2+c*3
  FROM t1
 WHERE (e>c OR e<d)
   AND d>e
   AND EXISTS(SELECT 1 FROM t1 AS x WHERE x.b<t1.b)
 ORDER BY 4,2,1,3,5
----
80 values hashing to f588aa173060543daffc54d07638516f

query IIIII nosort
SELECT c,
       d-e,
       CASE a+1 WHEN b THEN 111 WHEN c THEN 222
        WHEN d THEN 333  WHEN e THEN 444 ELSE 555 END,
       a+b*2+c*3+d*4,
       e
  FROM t1
 WHERE d NOT BETWEEN 110 AND 150
    OR c BETWEEN b-2 AND d+2
    OR (e>c OR e<d)
 ORDER BY 1,5,3,2,4
----
145 values hashing to 1e4da6adbf79506920a0b1e379d830d8

query IIIIII nosort
SELECT a+b*2+c*3+d*4,
       (a+b+c+d+e)/5,
       abs(a),
       e,
       CASE a+1 WHEN b THEN 111 WHEN c THEN 222
        WHEN d THEN 333  WHEN e THEN 444 ELSE 555 END,
       d
  FROM t1
 WHERE b>c
   AND c>d
 ORDER BY 3,4,5,1,2,6
----
24 values hashing to 425542fc8d1ec04f89534ae98d59a74d

query IIII nosort
SELECT a+b*2+c*3+d*4,
       CASE a+1 WHEN b THEN 111 WHEN c THEN 222
        WHEN d THEN 333  WHEN e THEN 444 ELSE 555 END,
       (SELECT count(*) FROM t1 AS x WHERE x.c>t1.c AND x.d<t1.d),
       c
  FROM t1
 WHERE (c<=d-2 OR c>=d+2)
 ORDER BY 4,2,1,3
----
60 values hashing to a2af299d7b2197866b7c8f6854b77ab5

query I nosort
SELECT CASE a+1 WHEN b THEN 111 WHEN c THEN 222
        WHEN d THEN 333  WHEN e THEN 444 ELSE 555 END
  FROM t1
 ORDER BY 1
----
30 values hashing to f2bf77f8cfb62666ab72c866ed4d4f1a

query I nosort
SELECT (SELECT count(*) FROM t1 AS x WHERE x.b<t1.b)
  FROM t1
 WHERE (a>b-2 AND a<b+2)
    OR c>d
 ORDER BY 1
----
20 values hashing to 1d6b8ed1db696a5f1c8d126facddd077

query IIIII nosort
SELECT a,
       (SELECT count(*) FROM t1 AS x WHERE x.c>t1.c AND x.d<t1.d),
       b-c,
       a-b,
       CASE a+1 WHEN b THEN 111 WHEN c THEN 222
        WHEN d THEN 333  WHEN e THEN 444 ELSE 555 END
  FROM t1
 WHERE c BETWEEN b-2 AND d+2
    OR a>b
    OR b>c
 ORDER BY 1,4,3,2,5
----
145 values hashing to 65042db64d506f67a37c85f825cdd11f

query IIIIIII nosort
SELECT CASE a+1 WHEN b THEN 111 WHEN c THEN 222
        WHEN d THEN 333  WHEN e THEN 444 ELSE 555 END,
       CASE WHEN a<b-3 THEN 111 WHEN a<=b THEN 222
        WHEN a<b+3 THEN 333 ELSE 444 END,
       a+b*2+c*3+d*4,
       a+b*2+c*3,
       c,
       CASE WHEN c>(SELECT avg(c) FROM t1) THEN a*2 ELSE b*10 END,
       abs(b-c)
  FROM t1
 WHERE EXISTS(SELECT 1 FROM t1 AS x WHERE x.b<t1.b)
    OR b>c
    OR d NOT BETWEEN 110 AND 150
 ORDER BY 4,1,5,2,6,3,7
----
210 values hashing to a259991ed1248a55a07838ce36a7c257

query IIIIII nosort
SELECT CASE WHEN c>(SELECT avg(c) FROM t1) THEN a*2 ELSE b*10 END,
       CASE WHEN a<b-3 THEN 111 WHEN a<=b THEN 222
        WHEN a<b+3 THEN 333 ELSE 444 END,
       a+b*2+c*3,
       (SELECT count(*) FROM t1 AS x WHERE x.c>t1.c AND x.d<t1.d),
       c,
       b-c
  FROM t1
 WHERE EXISTS(SELECT 1 FROM t1 AS x WHERE x.b<t1.b)
    OR a>b
    OR d NOT BETWEEN 110 AND 150
 ORDER BY 5,3,6,1,2,4
----
180 values hashing to 631b9506abcdd5dcea64c7ed2a3799ed

query IIIII nosort
SELECT (SELECT count(*) FROM t1 AS x WHERE x.c>t1.c AND x.d<t1.d),
       d,
       a+b*2+c*3+d*4,
       a-b,
       (SELECT count(*) FROM t1 AS x WHERE x.b<t1.b)
  FROM t1
 WHERE c BETWEEN b-2 AND d+2
    OR c>d
 ORDER BY 3,5,4,1,2
----
125 values hashing to 58b4ab36ed442f3837188b38cd02486a

query IIIIII nosort
SELECT CASE WHEN c>(SELECT avg(c) FROM t1) THEN a*2 ELSE b*10 END,
       a-b,
       abs(b-c),
       c,
       CASE WHEN a<b-3 THEN 111 WHEN a<=b THEN 222
        WHEN a<b+3 THEN 333 ELSE 444 END,
       a+b*2+c*3+d*4
  FROM t1
 ORDER BY 4,3,6,2,5,1
----
180 values hashing to 705c6f14a9e50f5542ad5d2fd225e6f1

query IIIIIII nosort
SELECT a+b*2,
       a,
       a+b*2+c*3+d*4+e*5,
       (a+b+c+d+e)/5,
       e,
       c-d,
       CASE WHEN a<b-3 THEN 111 WHEN a<=b THEN 222
        WHEN a<b+3 THEN 333 ELSE 444 END
  FROM t1
 WHERE a>b
 ORDER BY 5,4,6,2,1,7,3
----
133 values hashing to af6179f0918bfe7e3a9cd1940fbb3f75

query II nosort
SELECT a,
       b
  FROM t1
 ORDER BY 1,2
----
60 values hashing to f88a6f6656b30fc5b3c4ede940008ff2

query III nosort
SELECT c,
       a-b,
       (SELECT count(*) FROM t1 AS x WHERE x.b<t1.b)
  FROM t1
 WHERE c BETWEEN b-2 AND d+2
 ORDER BY 1,2,3
----
66 values hashing to 49b01d3ad62fdaa733104a9c70dfb87c

query IIIIII nosort
SELECT CASE WHEN c>(SELECT avg(c) FROM t1) THEN a*2 ELSE b*10 END,
       a+b*2+c*3+d*4+e*5,
       abs(b-c),
       b-c,
       CASE a+1 WHEN b THEN 111 WHEN c THEN 222
        WHEN d THEN 333  WHEN e THEN 444 ELSE 555 END,
       a-b
  FROM t1
 WHERE b>c
   AND a>b
   AND d NOT BETWEEN 110 AND 150
 ORDER BY 2,1,6,4,3,5
----
42 values hashing to 6921d8dad7855bee57bd82dfd5fcbabc

query IIIIII nosort
SELECT a+b*2+c*3+d*4+e*5,
       abs(a),
       b-c,
       c-d,
       CASE a+1 WHEN b THEN 111 WHEN c THEN 222
        WHEN d THEN 333  WHEN e THEN 444 ELSE 555 END,
       a
  FROM t1
 WHERE c BETWEEN b-2 AND d+2
    OR e+d BETWEEN a+b-10 AND c+130
 ORDER BY 1,5,4,2,6,3
----
144 values hashing to 1d2ad7123e951f275353001a6879b3c8

query IIIIIII nosort
SELECT CASE WHEN a<b-3 THEN 111 WHEN a<=b THEN 222
        WHEN a<b+3 THEN 333 ELSE 444 END,
       c,
       (SELECT count(*) FROM t1 AS x WHERE x.b<t1.b),
       b-c,
       b,
       CASE a+1 WHEN b THEN 111 WHEN c THEN 222
        WHEN d THEN 333  WHEN e THEN 444 ELSE 555 END,
       a+b*2
  FROM t1
 ORDER BY 4,3,5,1,6,2,7
----
210 values hashing to b046dd2378da12da24149ec8171de183

query IIIIII nosort
SELECT a,
       a+b*2+c*3+d*4+e*5,
       c-d,
       CASE WHEN c>(SELECT avg(c) FROM t1) THEN a*2 ELSE b*10 END,
       b-c,
       a+b*2
  FROM t1
 ORDER BY 6,2,4,5,3,1
----
180 values hashing to 9fc96182924e07a6ffa415425e69adcf

query IIIIIII nosort
SELECT d-e,
       abs(a),
       b,
       c-d,
       a+b*2+c*3,
       abs(b-c),
       CASE WHEN a<b-3 THEN 111 WHEN a<=b THEN 222
        WHEN a<b+3 THEN 333 ELSE 444 END
  FROM t1
 WHERE (e>c OR e<d)
   AND d>e
   AND c>d
 ORDER BY 1,3,7,5,2,6,4
----
42 values hashing to 1b3471ef4d294cdab97aa6e5eb44bdc6

query IIIIIII nosort
SELECT CASE WHEN a<b-3 THEN 111 WHEN a<=b THEN 222
        WHEN a<b+3 THEN 333 ELSE 444 END,
       a+b*2+c*3,
       a+b*2+c*3+d*4+e*5,
       (a+b+c+d+e)/5,
       a+b*2+c*3+d*4,
       b-c,
       c
  FROM t1
 WHERE d NOT BETWEEN 110 AND 150
 ORDER BY 2,5,1,7,3,6,4
----
154 values hashing to 437f5acfb0bed27efe918cd27dc829cd

query IIIIII nosort
SELECT e,
       (SELECT count(*) FROM t1 AS x WHERE x.b<t1.b),
       a-b,
       CASE a+1 WHEN b THEN 111 WHEN c THEN 222
        WHEN d THEN 333  WHEN e THEN 444 ELSE 555 END,
       c-d,
       c
  FROM t1
 WHERE d NOT BETWEEN 110 AND 150
 ORDER BY 1,4,5,6,2,3
----
132 values hashing to b1b55f05abc1bf86626a186d4b60ea65

query I nosort
SELECT CASE WHEN c>(SELECT avg(c) FROM t1) THEN a*2 ELSE b*10 END
  FROM t1
 WHERE e+d BETWEEN a+b-10 AND c+130
   AND c>d
 ORDER BY 1
----
1000
1180
1240

query IIIIIII nosort
SELECT a+b*2+c*3,
       abs(b-c),
       CASE a+1 WHEN b THEN 111 WHEN c THEN 222
        WHEN d THEN 333  WHEN e THEN 444 ELSE 555 END,
       a,
       a+b*2+c*3+d*4,
       a+b*2,
       (SELECT count(*) FROM t1 AS x WHERE x.b<t1.b)
  FROM t1
 WHERE (a>b-2 AND a<b+2)
   AND c BETWEEN b-2 AND d+2
 ORDER BY 6,1,7,3,4,5,2
----
56 values hashing to 41c19a8a94cbb13f6a1672a654f9ef40

query IIIII nosort
SELECT a+b*2,
       a+b*2+c*3,
       CASE WHEN c>(SELECT avg(c) FROM t1) THEN a*2 ELSE b*10 END,
       c,
       CASE WHEN a<b-3 THEN 111 WHEN a<=b THEN 222
        WHEN a<b+3 THEN 333 ELSE 444 END
  FROM t1
 WHERE d>e
   AND (c<=d-2 OR c>=d+2)
   AND b>c
 ORDER BY 2,3,1,5,4
----
25 values hashing to d26c6a15ff9231615a949e9c2412fc2b

query IIIIIII nosort
SELECT a+b*2+c*3+d*4+e*5,
       CASE WHEN a<b-3 THEN 111 WHEN a<=b THEN 222
        WHEN a<b+3 THEN 333 ELSE 444 END,
       a,
       abs(b-c),
       a+b*2,
       d,
       CASE WHEN c>(SELECT avg(c) FROM t1) THEN a*2 ELSE b*10 END
  FROM t1
 WHERE (e>c OR e<d)
    OR a>b
 ORDER BY 4,5,3,7,1,6,2
----
196 values hashing to 601e621103e91110c69c4545c08a48c1

query IIIII nosort
SELECT (SELECT count(*) FROM t1 AS x WHERE x.b<t1.b),
       (SELECT count(*) FROM t1 AS x WHERE x.c>t1.c AND x.d<t1.d),
       CASE WHEN a<b-3 THEN 111 WHEN a<=b THEN 222
        WHEN a<b+3 THEN 333 ELSE 444 END,
       c-d,
       a-b
  FROM t1
 WHERE (e>c OR e<d)
 ORDER BY 3,5,4,1,2
----
135 values hashing to 635b37bb69d24a1353243f6975112cea

query I nosort
SELECT (SELECT count(*) FROM t1 AS x WHERE x.b<t1.b)
  FROM t1
 WHERE e+d BETWEEN a+b-10 AND c+130
   AND a>b
   AND (a>b-2 AND a<b+2)
 ORDER BY 1
----

query IIIII nosort
SELECT CASE a+1 WHEN b THEN 111 WHEN c THEN 222
        WHEN d THEN 333  WHEN e THEN 444 ELSE 555 END,
       b,
       a+b*2,
       (SELECT count(*) FROM t1 AS x WHERE x.b<t1.b),
       CASE WHEN a<b-3 THEN 111 WHEN a<=b THEN 222
        WHEN a<b+3 THEN 333 ELSE 444 END
  FROM t1
 WHERE a>b
    OR c BETWEEN b-2 AND d+2
    OR c>d
 ORDER BY 3,2,1,4,5
----
140 values hashing to dd6eae29e54f220617fca7f22df83acb

query IIIIII nosort
SELECT d,
       a+b*2+c*3+d*4+e*5,
       a+b*2+c*3,
       c-d,
       (a+b+c+d+e)/5,
       a-b
  FROM t1
 ORDER BY 3,4,2,6,5,1
----
180 values hashing to 4cf6744bf5d3826cd98ad853eeb5beba

query IIIIIII nosort
SELECT CASE a+1 WHEN b THEN 111 WHEN c THEN 222
        WHEN d THEN 333  WHEN e THEN 444 ELSE 555 END,
       a+b*2+c*3+d*4+e*5,
       (a+b+c+d+e)/5,
       abs(b-c),
       abs(a),
       (SELECT count(*) FROM t1 AS x WHERE x.c>t1.c AND x.d<t1.d),
       a+b*2+c*3
  FROM t1
 WHERE c BETWEEN b-2 AND d+2
 ORDER BY 7,2,5,1,3,6,4
----
154 values hashing to b82f838cd6b2f0034ba34f8069a36b09

query IIIII nosort
SELECT d,
       CASE WHEN c>(SELECT avg(c) FROM t1) THEN a*2 ELSE b*10 END,
       b,
       c,
       e
  FROM t1
 WHERE b>c
 ORDER BY 1,2,4,3,5
----
70 values hashing to f0e2146374bd151d6ede973c9ed1f2a5

query IIIIII nosort
SELECT a-b,
       a,
       a+b*2+c*3,
       b,
       d,
       d-e
  FROM t1
 WHERE (e>a AND e<b)
 ORDER BY 2,6,4,1,5,3
----
24 values hashing to afd55bf27f337fa6f2554d2ae3726e96

query IIIIII nosort
SELECT (a+b+c+d+e)/5,
       a+b*2,
       c-d,
       a,
       e,
       (SELECT count(*) FROM t1 AS x WHERE x.b<t1.b)
  FROM t1
 WHERE b>c
 ORDER BY 2,6,5,4,3,1
----
84 values hashing to 5e2c89b85bc66b196ff3083128f5a494

query IIIII nosort
SELECT b,
       (a+b+c+d+e)/5,
       CASE a+1 WHEN b THEN 111 WHEN c THEN 222
        WHEN d THEN 333  WHEN e THEN 444 ELSE 555 END,
       abs(b-c),
       b-c
  FROM t1
 WHERE a>b
 ORDER BY 2,5,3,4,1
----
95 values hashing to eae71ba4e872a3ba44a0ecd1bf870a3e

query IIII nosort
SELECT abs(b-c),
       a,
       a+b*2,
       CASE WHEN a<b-3 THEN 111 WHEN a<=b THEN 222
        WHEN a<b+3 THEN 333 ELSE 444 END
  FROM t1
 ORDER BY 1,4,3,2
----
120 values hashing to e86542e069867cfb60f1ec3aef772ebd

query III nosort
SELECT CASE WHEN a<b-3 THEN 111 WHEN a<=b THEN 222
        WHEN a<b+3 THEN 333 ELSE 444 END,
       c,
       d-e
  FROM t1
 WHERE (a>b-2 AND a<b+2)
   AND c>d
 ORDER BY 2,1,3
----
15 values hashing to 08fa8e3fd6a4743609ebd0354e659bba

query IIII nosort
SELECT a,
       e,
       CASE WHEN c>(SELECT avg(c) FROM t1) THEN a*2 ELSE b*10 END,
       a-b
  FROM t1
 ORDER BY 2,4,3,1
----
120 values hashing to c328c1a96813bf1072935593f41667ab

query III nosort
SELECT (a+b+c+d+e)/5,
       e,
       (SELECT count(*) FROM t1 AS x WHERE x.c>t1.c AND x.d<t1.d)
  FROM t1
 WHERE (e>c OR e<d)
    OR EXISTS(SELECT 1 FROM t1 AS x WHERE x.b<t1.b)
 ORDER BY 3,1,2
----
90 values hashing to 66be8c935b54646fa54e09d50724c3fc

query IIII nosort
SELECT a-b,
       a+b*2,
       (SELECT count(*) FROM t1 AS x WHERE x.c>t1.c AND x.d<t1.d),
       d-e
  FROM t1
 WHERE d>e
    OR (e>a AND e<b)
 ORDER BY 4,1,3,2
----
72 values hashing to 25a13d479847a5eb07e7e6088d47b373

query I nosort
SELECT a+b*2
  FROM t1
 WHERE e+d BETWEEN a+b-10 AND c+130
    OR a>b
 ORDER BY 1
----
23 values hashing to 58bbff23f68fc8cebb2a4c6436d0b04a

query IIIIII nosort
SELECT CASE a+1 WHEN b THEN 111 WHEN c THEN 222
        WHEN d THEN 333  WHEN e THEN 444 ELSE 555 END,
       (SELECT count(*) FROM t1 AS x WHERE x.c>t1.c AND x.d<t1.d),
       d-e,
       b,
       (SELECT count(*) FROM t1 AS x WHERE x.b<t1.b),
       a+b*2
  FROM t1
 WHERE EXISTS(SELECT 1 FROM t1 AS x WHERE x.b<t1.b)
    OR (a>b-2 AND a<b+2)
 ORDER BY 2,6,3,5,4,1
----
174 values hashing to bf3a367003c73007e24f49edd2245ff8

query III nosort
SELECT a,
       c-d,
       d
  FROM t1
 WHERE c>d
   AND a>b
   AND (a>b-2 AND a<b+2)
 ORDER BY 1,2,3
----
131
1
133
182
1
183

query IIIII nosort
SELECT a+b*2+c*3,
       a+b*2+c*3+d*4+e*5,
       c,
       (a+b+c+d+e)/5,
       b
  FROM t1
 ORDER BY 5,4,1,3,2
----
150 values hashing to b5d3c38c9410c06baec2ae85a2834ffd

query IIIII nosort
SELECT CASE WHEN a<b-3 THEN 111 WHEN a<=b THEN 222
        WHEN a<b+3 THEN 333 ELSE 444 END,
       c-d,
       abs(a),
       abs(b-c),
       (SELECT count(*) FROM t1 AS x WHERE x.c>t1.c AND x.d<t1.d)
  FROM t1
 WHERE EXISTS(SELECT 1 FROM t1 AS x WHERE x.b<t1.b)
 ORDER BY 1,5,3,2,4
----
145 values hashing to 8024d1eebf4b583f802c8e24ef08700f

query IIIIII nosort
SELECT c,
       CASE WHEN a<b-3 THEN 111 WHEN a<=b THEN 222
        WHEN a<b+3 THEN 333 ELSE 444 END,
       abs(a),
       (a+b+c+d+e)/5,
       a+b*2,
       d-e
  FROM t1
 WHERE b>c
   AND (a>b-2 AND a<b+2)
   AND d NOT BETWEEN 110 AND 150
 ORDER BY 4,5,3,1,2,6
----
24 values hashing to 141c5a5c81089f8c2a8422883e66bae6

query IIII nosort
SELECT CASE a+1 WHEN b THEN 111 WHEN c THEN 222
        WHEN d THEN 333  WHEN e THEN 444 ELSE 555 END,
       CASE WHEN c>(SELECT avg(c) FROM t1) THEN a*2 ELSE b*10 END,
       a+b*2+c*3+d*4+e*5,
       d
  FROM t1
 WHERE d>e
    OR (a>b-2 AND a<b+2)
 ORDER BY 3,2,4,1
----
88 values hashing to d5ef959057259760f6e4ff24af1eb5c9

query IIII nosort
SELECT d-e,
       (SELECT count(*) FROM t1 AS x WHERE x.b<t1.b),
       abs(a),
       a+b*2+c*3+d*4
  FROM t1
 WHERE EXISTS(SELECT 1 FROM t1 AS x WHERE x.b<t1.b)
    OR c>d
 ORDER BY 2,3,4,1
----
120 values hashing to d15570017ab0bf7eb3db1e803003e5f0

query I nosort
SELECT a+b*2+c*3
  FROM t1
 ORDER BY 1
----
30 values hashing to 20bb63abd067ae8ef5a05f08be3b6762

query IIIII nosort
SELECT CASE WHEN a<b-3 THEN 111 WHEN a<=b THEN 222
        WHEN a<b+3 THEN 333 ELSE 444 END,
       a+b*2+c*3+d*4+e*5,
       (SELECT count(*) FROM t1 AS x WHERE x.b<t1.b),
       a+b*2+c*3+d*4,
       a+b*2
  FROM t1
 WHERE d>e
 ORDER BY 3,4,1,2,5
----
80 values hashing to dda48f2f14d6eef074c866167931274f

query II nosort
SELECT (SELECT count(*) FROM t1 AS x WHERE x.c>t1.c AND x.d<t1.d),
       a-b
  FROM t1
 WHERE b>c
 ORDER BY 1,2
----
28 values hashing to 2d23fde26e5c80f6eabca42e592bde71

query IIIII nosort
SELECT a+b*2+c*3+d*4+e*5,
       a,
       CASE a+1 WHEN b THEN 111 WHEN c THEN 222
        WHEN d THEN 333  WHEN e THEN 444 ELSE 555 END,
       a+b*2+c*3+d*4,
       b-c
  FROM t1
 WHERE d>e
 ORDER BY 4,1,5,3,2
----
80 values hashing to 36b0bd3c4a5efd58912d89eec64b42fe

query III nosort
SELECT a-b,
       a+b*2+c*3+d*4,
       (SELECT count(*) FROM t1 AS x WHERE x.c>t1.c AND x.d<t1.d)
  FROM t1
 WHERE (e>c OR e<d)
 ORDER BY 1,2,3
----
81 values hashing to 21c30dc6df3b8c769f84c72451f968b5

query IIIIIII nosort
SELECT d,
       a+b*2,
       a,
       b,
       b-c,
       CASE a+1 WHEN b THEN 111 WHEN c THEN 222
        WHEN d THEN 333  WHEN e THEN 444 ELSE 555 END,
       (a+b+c+d+e)/5
  FROM t1
 ORDER BY 5,2,7,1,4,6,3
----
210 values hashing to 0b5da24cf40d35551d12b1cf0eebd15e

query I nosort
SELECT e
  FROM t1
 WHERE b>c
   AND d>e
 ORDER BY 1
----
120
126
135
152
165
230
237
246

query II nosort
SELECT b,
       e
  FROM t1
 WHERE (c<=d-2 OR c>=d+2)
 ORDER BY 2,1
----
30 values hashing to e2107ed9f44c1f14fa1a14b1818a2073

query IIII nosort
SELECT b-c,
       d-e,
       c-d,
       a+b*2+c*3
  FROM t1
 ORDER BY 1,2,4,3
----
120 values hashing to d9fe6e44ef568e5ddcdd440b1c1058b2

query II nosort
SELECT abs(b-c),
       CASE WHEN a<b-3 THEN 111 WHEN a<=b THEN 222
        WHEN a<b+3 THEN 333 ELSE 444 END
  FROM t1
 WHERE (e>c OR e<d)
    OR b>c
    OR (a>b-2 AND a<b+2)
 ORDER BY 2,1
----
56 values hashing to 6d15efe8755229aeadcfc31141690e0c

query IIII nosort
SELECT e,
       d-e,
       CASE WHEN c>(SELECT avg(c) FROM t1) THEN a*2 ELSE b*10 END,
       (SELECT count(*) FROM t1 AS x WHERE x.b<t1.b)
  FROM t1
 WHERE d NOT BETWEEN 110 AND 150
 ORDER BY 1,3,4,2
----
88 values hashing to 4a6aed05d6c85e07758823b33c86f793

query III nosort
SELECT abs(a),
       a+b*2+c*3+d*4+e*5,
       c-d
  FROM t1
 ORDER BY 3,2,1
----
90 values hashing to 55385fb185c3f7837e3d245e236b0355

query IIIII nosort
SELECT abs(a),
       c,
       CASE a+1 WHEN b THEN 111 WHEN c THEN 222
        WHEN d THEN 333  WHEN e THEN 444 ELSE 555 END,
       a+b*2,
       d-e
  FROM t1
 WHERE c BETWEEN b-2 AND d+2
   AND d>e
   AND d NOT BETWEEN 110 AND 150
 ORDER BY 5,3,1,4,2
----
50 values hashing to 0d42d0a09548edf4a343fe9e95c98b2c

query IIIIII nosort
SELECT (a+b+c+d+e)/5,
       (SELECT count(*) FROM t1 AS x WHERE x.b<t1.b),
       CASE WHEN c>(SELECT avg(c) FROM t1) THEN a*2 ELSE b*10 END,
       c-d,
       a+b*2+c*3+d*4,
       a+b*2+c*3+d*4+e*5
  FROM t1
 WHERE (e>a AND e<b)
   AND c>d
 ORDER BY 2,5,6,4,1,3
----
18 values hashing to 51c5d8e007a143cf3bf858945f677039

query IIIIIII nosort
SELECT (SELECT count(*) FROM t1 AS x WHERE x.c>t1.c AND x.d<t1.d),
       d,
       b-c,
       (a+b+c+d+e)/5,
       CASE WHEN a<b-3 THEN 111 WHEN a<=b THEN 222
        WHEN a<b+3 THEN 333 ELSE 444 END,
       CASE a+1 WHEN b THEN 111 WHEN c THEN 222
        WHEN d THEN 333  WHEN e THEN 444 ELSE 555 END,
       a-b
  FROM t1
 WHERE c BETWEEN b-2 AND d+2
    OR (e>c OR e<d)
    OR EXISTS(SELECT 1 FROM t1 AS x WHERE x.b<t1.b)
 ORDER BY 7,2,4,1,5,6,3
----
210 values hashing to 4abfb880f67a314446d0402a24ae5282

query IIIII nosort
SELECT a+b*2,
       d,
       a,
       b-c,
       CASE a+1 WHEN b THEN 111 WHEN c THEN 222
        WHEN d THEN 333  WHEN e THEN 444 ELSE 555 END
  FROM t1
 WHERE EXISTS(SELECT 1 FROM t1 AS x WHERE x.b<t1.b)
   AND d NOT BETWEEN 110 AND 150
   AND e+d BETWEEN a+b-10 AND c+130
 ORDER BY 1,2,4,5,3
----
317
108
107
-1
333

query IIII nosort
SELECT c-d,
       (SELECT count(*) FROM t1 AS x WHERE x.b<t1.b),
       c,
       a+b*2+c*3+d*4+e*5
  FROM t1
 WHERE (e>a AND e<b)
 ORDER BY 3,2,4,1
----
16 values hashing to 85402be2fec11d33679b4d7e94802e86

query I nosort
SELECT e
  FROM t1
 WHERE (c<=d-2 OR c>=d+2)
   AND (a>b-2 AND a<b+2)
 ORDER BY 1
----
165

query IIIII nosort
SELECT abs(b-c),
       a+b*2+c*3+d*4+e*5,
       d-e,
       (SELECT count(*) FROM t1 AS x WHERE x.b<t1.b),
       c-d
  FROM t1
 WHERE (a>b-2 AND a<b+2)
    OR EXISTS(SELECT 1 FROM t1 AS x WHERE x.b<t1.b)
 ORDER BY 3,4,5,1,2
----
145 values hashing to b8a4950564e773b97d38a41c172ef1f7

query II nosort
SELECT CASE WHEN a<b-3 THEN 111 WHEN a<=b THEN 222
        WHEN a<b+3 THEN 333 ELSE 444 END,
       a+b*2+c*3+d*4+e*5
  FROM t1
 WHERE c BETWEEN b-2 AND d+2
   AND d>e
 ORDER BY 1,2
----
30 values hashing to 841db017799a825a9fce9bcc940f7f96

query I nosort
SELECT b-c
  FROM t1
 ORDER BY 1
----
30 values hashing to 970be304ddec1d2bede8d8e2f14368c6

query IIIIII nosort
SELECT (SELECT count(*) FROM t1 AS x WHERE x.c>t1.c AND x.d<t1.d),
       abs(b-c),
       a+b*2+c*3+d*4,
       (a+b+c+d+e)/5,
       d-e,
       a+b*2+c*3+d*4+e*5
  FROM t1
 WHERE EXISTS(SELECT 1 FROM t1 AS x WHERE x.b<t1.b)
 ORDER BY 1,6,2,4,5,3
----
174 values hashing to 05379a2f92dfafe9d9f27b43b2da99a1

query IIIIII nosort
SELECT d,
       c,
       b,
       a+b*2+c*3+d*4,
       b-c,
       CASE WHEN a<b-3 THEN 111 WHEN a<=b THEN 222
        WHEN a<b+3 THEN 333 ELSE 444 END
  FROM t1
 WHERE EXISTS(SELECT 1 FROM t1 AS x WHERE x.b<t1.b)
    OR c>d
    OR (a>b-2 AND a<b+2)
 ORDER BY 3,5,6,2,4,1
----
180 values hashing to 2be73e9f2d4c951c36a76c1e3dba5c9d

query IIIIII nosort
SELECT b-c,
       (a+b+c+d+e)/5,
       c-d,
       b,
       CASE WHEN a<b-3 THEN 111 WHEN a<=b THEN 222
        WHEN a<b+3 THEN 333 ELSE 444 END,
       a+b*2+c*3+d*4+e*5
  FROM t1
 WHERE d>e
   AND d NOT BETWEEN 110 AND 150
   AND (e>a AND e<b)
 ORDER BY 1,3,2,5,4,6
----
12 values hashing to 4aec8d073aa39894da494a2e5c69e108

query IIII nosort
SELECT abs(a),
       a+b*2+c*3+d*4+e*5,
       a,
       (a+b+c+d+e)/5
  FROM t1
 ORDER BY 4,3,2,1
----
120 values hashing to a4fdc5ad18d6f820af499abd4b4730ad

query IIIII nosort
SELECT b,
       c,
       a-b,
       d-e,
       a+b*2+c*3+d*4
  FROM t1
 WHERE d>e
    OR c BETWEEN b-2 AND d+2
 ORDER BY 2,1,4,3,5
----
115 values hashing to 05325b83edf1f52fb3d249495c4114e2

query II nosort
SELECT a-b,
       CASE WHEN a<b-3 THEN 111 WHEN a<=b THEN 222
        WHEN a<b+3 THEN 333 ELSE 444 END
  FROM t1
 WHERE c BETWEEN b-2 AND d+2
   AND b>c
   AND (a>b-2 AND a<b+2)
 ORDER BY 1,2
----
-1
222
-1
222
1
333

query IIII nosort
SELECT b,
       abs(a),
       a,
       c
  FROM t1
 WHERE c BETWEEN b-2 AND d+2
    OR (e>c OR e<d)
    OR b>c
 ORDER BY 4,3,2,1
----
112 values hashing to 5ae5415105496a1711310d3c42176846

query IIII nosort
SELECT a+b*2+c*3+d*4,
       (SELECT count(*) FROM t1 AS x WHERE x.b<t1.b),
       c-d,
       a+b*2
  FROM t1
 WHERE EXISTS(SELECT 1 FROM t1 AS x WHERE x.b<t1.b)
   AND b>c
 ORDER BY 2,4,3,1
----
56 values hashing to 5f4a5fcffe6f102f57b56bf2e339dd89

query II nosort
SELECT b,
       abs(b-c)
  FROM t1
 WHERE c>d
   AND a>b
   AND EXISTS(SELECT 1 FROM t1 AS x WHERE x.b<t1.b)
 ORDER BY 2,1
----
12 values hashing to d33f553dec1000186e0827b36e03a5a0

query IIIIIII nosort
SELECT CASE WHEN a<b-3 THEN 111 WHEN a<=b THEN 222
        WHEN a<b+3 THEN 333 ELSE 444 END,
       d-e,
       b,
       (SELECT count(*) FROM t1 AS x WHERE x.c>t1.c AND x.d<t1.d),
       a-b,
       a,
       e
  FROM t1
 ORDER BY 4,5,1,3,7,6,2
----
210 values hashing to 8d6b363f389996a9821b4e3809779f76

query IIIIII nosort
SELECT d,
       CASE WHEN c>(SELECT avg(c) FROM t1) THEN a*2 ELSE b*10 END,
       abs(b-c),
       a+b*2+c*3+d*4+e*5,
       CASE WHEN a<b-3 THEN 111 WHEN a<=b THEN 222
        WHEN a<b+3 THEN 333 ELSE 444 END,
       d-e
  FROM t1
 ORDER BY 1,6,2,3,5,4
----
180 values hashing to 51a0a8497754b6679d3130c947c96360

query III nosort
SELECT CASE WHEN a<b-3 THEN 111 WHEN a<=b THEN 222
        WHEN a<b+3 THEN 333 ELSE 444 END,
       a+b*2,
       (SELECT count(*) FROM t1 AS x WHERE x.c>t1.c AND x.d<t1.d)
  FROM t1
 WHERE (e>c OR e<d)
 ORDER BY 2,1,3
----
81 values hashing to f73fa4ec254d735c86e5741004f72034

query III nosort
SELECT a+b*2+c*3+d*4,
       abs(b-c),
       c-d
  FROM t1
 WHERE (e>c OR e<d)
 ORDER BY 2,3,1
----
81 values hashing to 9be3a71635f36f06be72937acb24a74d

query III nosort
SELECT a-b,
       abs(a),
       d
  FROM t1
 WHERE EXISTS(SELECT 1 FROM t1 AS x WHERE x.b<t1.b)
    OR d>e
    OR c BETWEEN b-2 AND d+2
 ORDER BY 3,2,1
----
90 values hashing to 27ca10878c9391decf14b1da14b81a1a

query II nosort
SELECT (SELECT count(*) FROM t1 AS x WHERE x.c>t1.c AND x.d<t1.d),
       a+b*2+c*3+d*4+e*5
  FROM t1
 WHERE (e>a AND e<b)
    OR (c<=d-2 OR c>=d+2)
    OR e+d BETWEEN a+b-10 AND c+130
 ORDER BY 2,1
----
38 values hashing to 6b17e3a64ebbafbdf4ec543abf34d414

query III nosort
SELECT (a+b+c+d+e)/5,
       abs(a),
       d
  FROM t1
 WHERE e+d BETWEEN a+b-10 AND c+130
   AND (e>c OR e<d)
   AND EXISTS(SELECT 1 FROM t1 AS x WHERE x.b<t1.b)
 ORDER BY 2,1,3
----
12 values hashing to 2a20cfe00170362fbce52cfe093cf6ad

query IIIIIII nosort
SELECT a+b*2,
       a+b*2+c*3+d*4+e*5,
       a-b,
       abs(b-c),
       c,
       b,
       e
  FROM t1
 WHERE d>e
 ORDER BY 4,5,3,6,2,1,7
----
112 values hashing to 056a2f68932723bbdeb9dc7c26e21ff8

query IIIII nosort
SELECT a,
       d,
       a+b*2+c*3+d*4+e*5,
       a-b,
       (SELECT count(*) FROM t1 AS x WHERE x.c>t1.c AND x.d<t1.d)
  FROM t1
 WHERE c BETWEEN b-2 AND d+2
    OR (a>b-2 AND a<b+2)
    OR b>c
 ORDER BY 1,3,5,4,2
----
140 values hashing to 3dfb60ce29bfaa3deb2c90771787ae28

query IIIIIII nosort
SELECT (SELECT count(*) FROM t1 AS x WHERE x.c>t1.c AND x.d<t1.d),
       a+b*2+c*3,
       d-e,
       b,
       a,
       c,
       a+b*2
  FROM t1
 WHERE (c<=d-2 OR c>=d+2)
    OR (e>a AND e<b)
    OR d>e
 ORDER BY 5,6,3,7,2,1,4
----
154 values hashing to 7be42f68cbfeb20d2a574569eabc62b8

query IIIII nosort
SELECT b-c,
       c,
       CASE WHEN c>(SELECT avg(c) FROM t1) THEN a*2 ELSE b*10 END,
       (SELECT count(*) FROM t1 AS x WHERE x.b<t1.b),
       c-d
  FROM t1
 WHERE c>d
    OR (a>b-2 AND a<b+2)
    OR b>c
 ORDER BY 1,3,5,2,4
----
130 values hashing to 3872625fdb5d1bd8d2d87c61b2c5d2b9

query IIIIIII nosort
SELECT b-c,
       CASE WHEN a<b-3 THEN 111 WHEN a<=b THEN 222
        WHEN a<b+3 THEN 333 ELSE 444 END,
       a+b*2,
       (SELECT count(*) FROM t1 AS x WHERE x.c>t1.c AND x.d<t1.d),
       abs(a),
       c-d,
       d
  FROM t1
 WHERE b>c
    OR d NOT BETWEEN 110 AND 150
    OR (e>c OR e<d)
 ORDER BY 4,6,5,1,3,7,2
----
203 values hashing to 449a18d19874d7ee976c4c9fc953e3f4

query III nosort
SELECT (SELECT count(*) FROM t1 AS x WHERE x.c>t1.c AND x.d<t1.d),
       (a+b+c+d+e)/5,
       CASE WHEN a<b-3 THEN 111 WHEN a<=b THEN 222
        WHEN a<b+3 THEN 333 ELSE 444 END
  FROM t1
 WHERE c BETWEEN b-2 AND d+2
    OR (c<=d-2 OR c>=d+2)
    OR c>d
 ORDER BY 1,3,2
----
81 values hashing to 3bd0cf1b195cb05eea3e0621c5a4f38e

query II nosort
SELECT CASE a+1 WHEN b THEN 111 WHEN c THEN 222
        WHEN d THEN 333  WHEN e THEN 444 ELSE 555 END,
       a+b*2+c*3
  FROM t1
 ORDER BY 2,1
----
60 values hashing to 1692ce3bd9941e0f21090da530fd3ed8

query IIIIIII nosort
SELECT a+b*2+c*3+d*4,
       c,
       CASE WHEN a<b-3 THEN 111 WHEN a<=b THEN 222
        WHEN a<b+3 THEN 333 ELSE 444 END,
       (SELECT count(*) FROM t1 AS x WHERE x.b<t1.b),
       a+b*2+c*3,
       a+b*2,
       d-e
  FROM t1
 WHERE EXISTS(SELECT 1 FROM t1 AS x WHERE x.b<t1.b)
 ORDER BY 1,3,7,2,5,6,4
----
203 values hashing to 9cc51c802e6d11db1eb947a0431c0898

query IIIIIII nosort
SELECT abs(a),
       CASE WHEN a<b-3 THEN 111 WHEN a<=b THEN 222
        WHEN a<b+3 THEN 333 ELSE 444 END,
       a+b*2,
       (SELECT count(*) FROM t1 AS x WHERE x.b<t1.b),
       a-b,
       d,
       a
  FROM t1
 WHERE c BETWEEN b-2 AND d+2
   AND (c<=d-2 OR c>=d+2)
 ORDER BY 6,2,4,3,1,7,5
----
70 values hashing to e83d593c583f1a0cfb445b1c4ab673b7

query IIIII nosort
SELECT (a+b+c+d+e)/5,
       a-b,
       b,
       a+b*2,
       a
  FROM t1
 WHERE (a>b-2 AND a<b+2)
   AND (e>c OR e<d)
   AND d>e
 ORDER BY 4,2,5,3,1
----
25 values hashing to 4d716c3a4be4e2c0fcaeb771d9557147

query IIIIII nosort
SELECT CASE WHEN c>(SELECT avg(c) FROM t1) THEN a*2 ELSE b*10 END,
       d,
       e,
       c-d,
       a+b*2+c*3+d*4,
       CASE a+1 WHEN b THEN 111 WHEN c THEN 222
        WHEN d THEN 333  WHEN e THEN 444 ELSE 555 END
  FROM t1
 WHERE c BETWEEN b-2 AND d+2
   AND c>d
   AND EXISTS(SELECT 1 FROM t1 AS x WHERE x.b<t1.b)
 ORDER BY 1,4,3,2,5,6
----
60 values hashing to 49ec3df5c9e8b7e47d18c5d97b1d9016

query IIIIIII nosort
SELECT c-d,
       CASE a+1 WHEN b THEN 111 WHEN c THEN 222
        WHEN d THEN 333  WHEN e THEN 444 ELSE 555 END,
       a,
       abs(a),
       abs(b-c),
       a+b*2+c*3,
       e
  FROM t1
 WHERE d>e
   AND (e>a AND e<b)
 ORDER BY 7,2,6,1,3,4,5
----
14 values hashing to f5cc6a1ae440bad52d8adeea6cd6cc2e

query IIIII nosort
SELECT c-d,
       d-e,
       abs(a),
       a,
       (a+b+c+d+e)/5
  FROM t1
 WHERE a>b
    OR c>d
 ORDER BY 1,5,3,2,4
----
130 values hashing to 9873ab86b9fa0eef10810ba4277fd1bf

query IIIIII nosort
SELECT a+b*2+c*3+d*4+e*5,
       a,
       abs(a),
       a-b,
       d-e,
       CASE WHEN c>(SELECT avg(c) FROM t1) THEN a*2 ELSE b*10 END
  FROM t1
 WHERE EXISTS(SELECT 1 FROM t1 AS x WHERE x.b<t1.b)
   AND b>c
 ORDER BY 4,6,3,1,5,2
----
84 values hashing to c1c96a830016492c89e9fe7b92275b24

query II nosort
SELECT a+b*2+c*3,
       a
  FROM t1
 WHERE (e>c OR e<d)
    OR a>b
 ORDER BY 1,2
----
56 values hashing to fedff1b28e56669aacb1dc79b927abf9

query III nosort
SELECT CASE a+1 WHEN b THEN 111 WHEN c THEN 222
        WHEN d THEN 333  WHEN e THEN 444 ELSE 555 END,
       c-d,
       a+b*2+c*3
  FROM t1
 WHERE (c<=d-2 OR c>=d+2)
   AND (a>b-2 AND a<b+2)
   AND d NOT BETWEEN 110 AND 150
 ORDER BY 1,2,3
----
333
-3
1000

query IIIII nosort
SELECT a+b*2,
       CASE WHEN a<b-3 THEN 111 WHEN a<=b THEN 222
        WHEN a<b+3 THEN 333 ELSE 444 END,
       (SELECT count(*) FROM t1 AS x WHERE x.c>t1.c AND x.d<t1.d),
       c-d,
       a+b*2+c*3
  FROM t1
 WHERE d>e
 ORDER BY 4,2,1,5,3
----
80 values hashing to 06c104cf923af770f3cf98700c2428d0

query I nosort
SELECT e
  FROM t1
 ORDER BY 1
----
30 values hashing to 41762f74ba25ab0f9b0448f319f2f292

query IIIIII nosort
SELECT c-d,
       b,
       d,
       a+b*2+c*3+d*4+e*5,
       a+b*2,
       (SELECT count(*) FROM t1 AS x WHERE x.b<t1.b)
  FROM t1
 WHERE c>d
 ORDER BY 4,3,5,6,2,1
----
84 values hashing to e1b8a5e4a3649a2976b00eaf0962058b

query IIIII nosort
SELECT abs(b-c),
       c-d,
       a,
       CASE WHEN a<b-3 THEN 111 WHEN a<=b THEN 222
        WHEN a<b+3 THEN 333 ELSE 444 END,
       a-b
  FROM t1
 WHERE EXISTS(SELECT 1 FROM t1 AS x WHERE x.b<t1.b)
    OR b>c
 ORDER BY 4,2,1,5,3
----
145 values hashing to d7e8eaed9394e826f4fdcccf068acdec

query IIII nosort
SELECT (SELECT count(*) FROM t1 AS x WHERE x.b<t1.b),
       b-c,
       CASE WHEN c>(SELECT avg(c) FROM t1) THEN a*2 ELSE b*10 END,
       a+b*2+c*3
  FROM t1
 WHERE c>d
   AND b>c
   AND e+d BETWEEN a+b-10 AND c+130
 ORDER BY 3,4,1,2
----
4
1
1240
738

query I nosort
SELECT (a+b+c+d+e)/5
  FROM t1
 ORDER BY 1
----
30 values hashing to 8d2279ba80763220505cecac39786e90

query IIIIII nosort
SELECT a+b*2,
       (a+b+c+d+e)/5,
       (SELECT count(*) FROM t1 AS x WHERE x.c>t1.c AND x.d<t1.d),
       (SELECT count(*) FROM t1 AS x WHERE x.b<t1.b),
       abs(b-c),
       a-b
  FROM t1
 WHERE EXISTS(SELECT 1 FROM t1 AS x WHERE x.b<t1.b)
   AND c>d
 ORDER BY 6,5,4,1,3,2
----
78 values hashing to f8b104ce0c1d6a8d02976b512c224c33

query IIII nosort
SELECT a+b*2+c*3+d*4,
       CASE WHEN a<b-3 THEN 111 WHEN a<=b THEN 222
        WHEN a<b+3 THEN 333 ELSE 444 END,
       d,
       e
  FROM t1
 WHERE (e>c OR e<d)
 ORDER BY 3,1,2,4
----
108 values hashing to e6f51d286e2a4011462e5e862a19f461

query IIII nosort
SELECT a+b*2+c*3,
       a+b*2,
       a-b,
       a+b*2+c*3+d*4+e*5
  FROM t1
 WHERE a>b
    OR EXISTS(SELECT 1 FROM t1 AS x WHERE x.b<t1.b)
    OR d>e
 ORDER BY 2,1,3,4
----
120 values hashing to 227ac1db8da88813615a7e008801fba7

query III nosort
SELECT (a+b+c+d+e)/5,
       a+b*2,
       (SELECT count(*) FROM t1 AS x WHERE x.c>t1.c AND x.d<t1.d)
  FROM t1
 WHERE (e>c OR e<d)
    OR b>c
 ORDER BY 2,1,3
----
84 values hashing to aa77bd3dacaadb8d94850b7457313394

query IIIIIII nosort
SELECT abs(a),
       d,
       e,
       a+b*2+c*3+d*4,
       CASE a+1 WHEN b THEN 111 WHEN c THEN 222
        WHEN d THEN 333  WHEN e THEN 444 ELSE 555 END,
       b-c,
       a
  FROM t1
 WHERE (a>b-2 AND a<b+2)
   AND d NOT BETWEEN 110 AND 150
 ORDER BY 3,2,7,6,4,1,5
----
49 values hashing to 59469ea88ee1e7a74590c514b7eb4fe0

query IIIII nosort
SELECT c,
       d,
       a+b*2+c*3,
       a-b,
       e
  FROM t1
 ORDER BY 3,2,1,5,4
----
150 values hashing to 2064f4d12bd17daef2792157a3fa01ac

query IIIIIII nosort
SELECT c-d,
       (SELECT count(*) FROM t1 AS x WHERE x.b<t1.b),
       b-c,
       (a+b+c+d+e)/5,
       abs(b-c),
       a+b*2+c*3,
       CASE WHEN a<b-3 THEN 111 WHEN a<=b THEN 222
        WHEN a<b+3 THEN 333 ELSE 444 END
  FROM t1
 WHERE (a>b-2 AND a<b+2)
   AND (e>c OR e<d)
   AND (c<=d-2 OR c>=d+2)
 ORDER BY 6,7,2,1,3,4,5
----
-3
13
1
167
1
1000
333

query IIIII nosort
SELECT (a+b+c+d+e)/5,
       c-d,
       CASE a+1 WHEN b THEN 111 WHEN c THEN 222
        WHEN d THEN 333  WHEN e THEN 444 ELSE 555 END,
       a+b*2+c*3,
       d-e
  FROM t1
 WHERE a>b
   AND c BETWEEN b-2 AND d+2
   AND (a>b-2 AND a<b+2)
 ORDER BY 2,3,4,1,5
----
20 values hashing to d6130a18387e9029c427520c8fdd0b08

query IIIIIII nosort
SELECT c-d,
       CASE WHEN a<b-3 THEN 111 WHEN a<=b THEN 222
        WHEN a<b+3 THEN 333 ELSE 444 END,
       a+b*2,
       a,
       abs(b-c),
       a+b*2+c*3+d*4+e*5,
       (SELECT count(*) FROM t1 AS x WHERE x.c>t1.c AND x.d<t1.d)
  FROM t1
 WHERE c BETWEEN b-2 AND d+2
    OR b>c
 ORDER BY 3,5,4,2,6,7,1
----
196 values hashing to ce60e2883fe7a0c41c29c17e9b62bf51

query IIIIII nosort
SELECT (SELECT count(*) FROM t1 AS x WHERE x.c>t1.c AND x.d<t1.d),
       CASE WHEN c>(SELECT avg(c) FROM t1) THEN a*2 ELSE b*10 END,
       abs(a),
       a+b*2+c*3+d*4+e*5,
       d-e,
       CASE WHEN a<b-3 THEN 111 WHEN a<=b THEN 222
        WHEN a<b+3 THEN 333 ELSE 444 END
  FROM t1
 WHERE e+d BETWEEN a+b-10 AND c+130
    OR d>e
    OR b>c
 ORDER BY 2,3,1,5,4,6
----
150 values hashing to c31247552305ea7108b6c15517e4e50e

query IIIIII nosort
SELECT b-c,
       a+b*2,
       a,
       (SELECT count(*) FROM t1 AS x WHERE x.b<t1.b),
       c-d,
       CASE WHEN a<b-3 THEN 111 WHEN a<=b THEN 222
        WHEN a<b+3 THEN 333 ELSE 444 END
  FROM t1
 WHERE (e>a AND e<b)
   AND d NOT BETWEEN 110 AND 150
 ORDER BY 1,3,6,2,5,4
----
18 values hashing to d03c3163674ffb21402396369c50ac14

query II nosort
SELECT CASE WHEN c>(SELECT avg(c) FROM t1) THEN a*2 ELSE b*10 END,
       a+b*2+c*3+d*4+e*5
  FROM t1
 WHERE (e>c OR e<d)
   AND d>e
   AND EXISTS(SELECT 1 FROM t1 AS x WHERE x.b<t1.b)
 ORDER BY 1,2
----
32 values hashing to 274f52e7976f1e1a7151a9a4804ccd13

query II nosort
SELECT b,
       abs(a)
  FROM t1
 WHERE (e>a AND e<b)
    OR c BETWEEN b-2 AND d+2
    OR EXISTS(SELECT 1 FROM t1 AS x WHERE x.b<t1.b)
 ORDER BY 2,1
----
60 values hashing to 909ebdb8fc6864d4dffee74235090ed7

query IIIIIII nosort
SELECT a+b*2,
       a+b*2+c*3+d*4+e*5,
       b,
       c-d,
       abs(b-c),
       (SELECT count(*) FROM t1 AS x WHERE x.c>t1.c AND x.d<t1.d),
       CASE WHEN a<b-3 THEN 111 WHEN a<=b THEN 222
        WHEN a<b+3 THEN 333 ELSE 444 END
  FROM t1
 WHERE c BETWEEN b-2 AND d+2
    OR EXISTS(SELECT 1 FROM t1 AS x WHERE x.b<t1.b)
 ORDER BY 5,1,4,7,3,2,6
----
210 values hashing to 24fae43b38fe9736d9fc79f183773c0f

query I nosort
SELECT a+b*2+c*3+d*4+e*5
  FROM t1
 WHERE (e>a AND e<b)
   AND (e>c OR e<d)
   AND (c<=d-2 OR c>=d+2)
 ORDER BY 1
----
3331

query III nosort
SELECT a+b*2+c*3+d*4,
       b,
       a-b
  FROM t1
 WHERE c>d
    OR d>e
    OR b>c
 ORDER BY 3,1,2
----
84 values hashing to 35aa92c733c1c60fedff6d6a36a4e64f

query I nosort
SELECT a-b
  FROM t1
 ORDER BY 1
----
30 values hashing to c2001bebc4d3d2d6b01a5a50ce4282ca

query IIII nosort
SELECT e,
       a+b*2+c*3+d*4+e*5,
       CASE WHEN a<b-3 THEN 111 WHEN a<=b THEN 222
        WHEN a<b+3 THEN 333 ELSE 444 END,
       a-b
  FROM t1
 WHERE a>b
    OR c BETWEEN b-2 AND d+2
 ORDER BY 3,2,4,1
----
104 values hashing to 57317371c67d5ca0360d9860ff06b5f6

query IIIII nosort
SELECT (SELECT count(*) FROM t1 AS x WHERE x.b<t1.b),
       CASE WHEN c>(SELECT avg(c) FROM t1) THEN a*2 ELSE b*10 END,
       e,
       CASE WHEN a<b-3 THEN 111 WHEN a<=b THEN 222
        WHEN a<b+3 THEN 333 ELSE 444 END,
       a+b*2
  FROM t1
 ORDER BY 2,4,1,5,3
----
150 values hashing to b77fe449c8203b5d18b816d00d4a9229

query IIIII nosort
SELECT b-c,
       c,
       d-e,
       (SELECT count(*) FROM t1 AS x WHERE x.c>t1.c AND x.d<t1.d),
       (a+b+c+d+e)/5
  FROM t1
 WHERE e+d BETWEEN a+b-10 AND c+130
    OR d NOT BETWEEN 110 AND 150
    OR b>c
 ORDER BY 3,5,4,2,1
----
140 values hashing to db6ada3c6b4c6105c96c56f98bd679d1

query II nosort
SELECT b-c,
       a+b*2+c*3+d*4+e*5
  FROM t1
 WHERE b>c
   AND a>b
   AND (e>a AND e<b)
 ORDER BY 2,1
----

query III nosort
SELECT a+b*2,
       b-c,
       CASE a+1 WHEN b THEN 111 WHEN c THEN 222
        WHEN d THEN 333  WHEN e THEN 444 ELSE 555 END
  FROM t1
 WHERE b>c
   AND a>b
 ORDER BY 3,2,1
----
21 values hashing to 47e5ff2f412981bf5017a3fcd7dcbfce

query IIIII nosort
SELECT a+b*2+c*3,
       d,
       b-c,
       (SELECT count(*) FROM t1 AS x WHERE x.b<t1.b),
       a-b
  FROM t1
 WHERE (a>b-2 AND a<b+2)
   AND b>c
   AND c>d
 ORDER BY 3,5,1,4,2
----
10 values hashing to f7cc18e47d7f1cfbd32b65f410f3661f

query IIII nosort
SELECT d-e,
       (a+b+c+d+e)/5,
       CASE a+1 WHEN b THEN 111 WHEN c THEN 222
        WHEN d THEN 333  WHEN e THEN 444 ELSE 555 END,
       d
  FROM t1
 WHERE (e>c OR e<d)
 ORDER BY 2,1,3,4
----
108 values hashing to 3646f1aa507ad28fc4b6bcb6b18ef7d8

query II nosort
SELECT c-d,
       e
  FROM t1
 WHERE (c<=d-2 OR c>=d+2)
   AND c>d
 ORDER BY 2,1
----
12 values hashing to 536e87880b7535393cfec01b6b44b09e

query I nosort
SELECT CASE WHEN a<b-3 THEN 111 WHEN a<=b THEN 222
        WHEN a<b+3 THEN 333 ELSE 444 END
  FROM t1
 WHERE (e>a AND e<b)
   AND d>e
   AND (c<=d-2 OR c>=d+2)
 ORDER BY 1
----
222

query II nosort
SELECT a-b,
       b-c
  FROM t1
 WHERE b>c
   AND d>e
   AND c BETWEEN b-2 AND d+2
 ORDER BY 2,1
----
14 values hashing to d2bcb971c3fe19befbef456f67ecb854

query III nosort
SELECT b,
       d,
       (SELECT count(*) FROM t1 AS x WHERE x.c>t1.c AND x.d<t1.d)
  FROM t1
 WHERE b>c
 ORDER BY 1,2,3
----
42 values hashing to fdf2c9075b2487f82c8ad837755619d7

query I nosort
SELECT a+b*2+c*3+d*4+e*5
  FROM t1
 WHERE EXISTS(SELECT 1 FROM t1 AS x WHERE x.b<t1.b)
 ORDER BY 1
----
29 values hashing to 52abcdd72ea8512b37c16f4859ec7416

query III nosort
SELECT CASE WHEN c>(SELECT avg(c) FROM t1) THEN a*2 ELSE b*10 END,
       b-c,
       a+b*2
  FROM t1
 WHERE EXISTS(SELECT 1 FROM t1 AS x WHERE x.b<t1.b)
 ORDER BY 1,3,2
----
87 values hashing to ccf71f7ab4716bebd70a7047162430d0

query I nosort
SELECT CASE WHEN c>(SELECT avg(c) FROM t1) THEN a*2 ELSE b*10 END
  FROM t1
 ORDER BY 1
----
30 values hashing to 3c13dee48d9356ae19af2515e05e6b54

query II nosort
SELECT a+b*2+c*3+d*4,
       a+b*2+c*3
  FROM t1
 WHERE b>c
 ORDER BY 1,2
----
28 values hashing to 7626a6dc10da4bbb0672aba278414d7f

query IIIII nosort
SELECT e,
       a,
       a+b*2+c*3,
       b,
       d
  FROM t1
 WHERE c>d
    OR EXISTS(SELECT 1 FROM t1 AS x WHERE x.b<t1.b)
 ORDER BY 4,5,1,3,2
----
150 values hashing to 6704b1d160521eabdc6985e64f098711

query III nosort
SELECT a+b*2+c*3+d*4+e*5,
       b-c,
       CASE WHEN c>(SELECT avg(c) FROM t1) THEN a*2 ELSE b*10 END
  FROM t1
 WHERE a>b
 ORDER BY 3,1,2
----
57 values hashing to e46ef205fe944f0d32288b2138a40f06

query IIIII nosort
SELECT abs(a),
       (a+b+c+d+e)/5,
       CASE a+1 WHEN b THEN 111 WHEN c THEN 222
        WHEN d THEN 333  WHEN e THEN 444 ELSE 555 END,
       a+b*2+c*3,
       d-e
  FROM t1
 ORDER BY 3,1,2,5,4
----
150 values hashing to 34ca74f90850eff35ac3a230238544be

query IIIII nosort
SELECT (SELECT count(*) FROM t1 AS x WHERE x.c>t1.c AND x.d<t1.d),
       c,
       (a+b+c+d+e)/5,
       a+b*2,
       c-d
  FROM t1
 WHERE (a>b-2 AND a<b+2)
   AND e+d BETWEEN a+b-10 AND c+130
   AND d NOT BETWEEN 110 AND 150
 ORDER BY 5,3,2,4,1
----

query III nosort
SELECT c,
       a+b*2,
       abs(b-c)
  FROM t1
 WHERE b>c
    OR (a>b-2 AND a<b+2)
 ORDER BY 2,1,3
----
57 values hashing to 25d96795a29f85eafc1253b3af853f3d

query IIIIIII nosort
SELECT (SELECT count(*) FROM t1 AS x WHERE x.c>t1.c AND x.d<t1.d),
       c-d,
       (SELECT count(*) FROM t1 AS x WHERE x.b<t1.b),
       d-e,
       a+b*2+c*3+d*4,
       c,
       a+b*2
  FROM t1
 ORDER BY 7,3,2,6,4,5,1
----
210 values hashing to 295b9d736969e666ddf559dd8479c415

query III nosort
SELECT a+b*2+c*3+d*4+e*5,
       abs(a),
       a-b
  FROM t1
 WHERE (c<=d-2 OR c>=d+2)
 ORDER BY 1,3,2
----
45 values hashing to c5572ef5e70213b43133e2248770b61d

query I nosort
SELECT d
  FROM t1
 WHERE (e>a AND e<b)
    OR EXISTS(SELECT 1 FROM t1 AS x WHERE x.b<t1.b)
 ORDER BY 1
----
29 values hashing to 549bae2f0c4b97245bbc42bc5ab31a00

query IIIIII nosort
SELECT (a+b+c+d+e)/5,
       abs(b-c),
       c,
       a+b*2+c*3+d*4+e*5,
       abs(a),
       e
  FROM t1
 WHERE b>c
   AND d>e
 ORDER BY 4,5,6,3,2,1
----
48 values hashing to 8b118828e8caafc9faa4a21d0f3f4ea5

query I nosort
SELECT a+b*2+c*3
  FROM t1
 WHERE c BETWEEN b-2 AND d+2
 ORDER BY 1
----
22 values hashing to 5d0ecdbff39863d98aa5a23e0424ac1e

query IIII nosort
SELECT abs(b-c),
       CASE WHEN c>(SELECT avg(c) FROM t1) THEN a*2 ELSE b*10 END,
       b,
       a
  FROM t1
 WHERE b>c
   AND d>e
 NON EXISTANT CLAUSE 4,1,3,2
----
32 values hashing to 3ff228db977b596ebd4901df4462b000

query IIIIII nosort
SELECT a+b*2+c*3+d*4,
       (a+b+c+d+e)/5,
       a,
       abs(a),
       c-d,
       c
  FROM t1
 ORDER BY 2,5,4,6,3,1
----
